<?xml version="1.0" encoding="UTF-8"?>
<!DOCTYPE mapper
        PUBLIC "-//mybatis.org//DTD Mapper 3.0//EN"
        "http://mybatis.org/dtd/mybatis-3-mapper.dtd">
<mapper
        namespace="nuc.edu.cn.chapter05_mybatis1_2113042727.dao.IRoleDao">
    <resultMap id="roleMap" type="nuc.edu.cn.chapter05_mybatis1_2113042727.pojo.Role">
        <id property="id" column="id"/>
        <result property="name" column="name"/>
        <collection property="stuList" column="id"
                    javaType="ArrayList" ofType="nuc.edu.cn.chapter05_mybatis1_2113042727.pojo.Student"
                    select="nuc.edu.cn.chapter05_mybatis1_2113042727.dao.IStudentRoleDao.getStusByRoleId">
            <id property="id" column="id"/>
            <result property="name" column="name"/>
            <result property="mobile" column="mobile"/>
        </collection>
    </resultMap>
    <select id="findById" parameterType="Integer" resultMap="roleMap">
        select *
        from role
        where id = #{id}
    </select>
</mapper>