<?xml version="1.0" encoding="UTF-8"?>
<!DOCTYPE mapper
        PUBLIC "-//mybatis.org//DTD Mapper 3.0//EN"
        "http://mybatis.org/dtd/mybatis-3-mapper.dtd">
<mapper
        namespace="nuc.edu.cn.chapter05_mybatis1_2113042727.dao.IStudentRoleDao">
    <!-- 根据一个角色组ID,查看这个组下的所有学生 -->
    <resultMap type="nuc.edu.cn.chapter05_mybatis1_2113042727.pojo.Student"
               id="resultStuMap2">
        <id property="id" column="stu_id"/>
        <result property ="name" column="stu_name"/>
        <result property ="mobile" column="mobile"/>
    </resultMap>
    <select id="getStusByRoleId" resultMap="resultStuMap2" parameterType="Integer">
        select s.*,sr.role_id
        from student s,stu_role sr
        where s.stu_id=sr.stu_id and sr.role_id=#{roleId}
    </select>
    <!-- 根据一个学生用户ID,查看这个用户所对应的角色-->
    <resultMap type="nuc.edu.cn.chapter05_mybatis1_2113042727.pojo.Role"
               id="resultRoleMap2">
        <id property="id" column="id"/>
        <result property="name" column="name"/>
    </resultMap>
    <select id="getRolesByStuId" resultMap="resultRoleMap2" parameterType="Integer">
        select r.*,sr.stu_id
        from role r,stu_role sr
        where r.id=sr.role_id and sr.stu_id=#{stuId}
    </select>
</mapper>
